MR,TL
NOT_METHODS_KEYSTONE,IS_METHODS_KEYSTONE
NOT_METHODS_KEYSTONE,NOT_METHODS_KEYSTONE
NOT_METHODS_KEYSTONE,NOT_METHODS_KEYSTONE
NOT_METHODS_KEYSTONE,NOT_METHODS_KEYSTONE
IS_METHODS_KEYSTONE,IS_METHODS_KEYSTONE
IS_METHODS_KEYSTONE,IS_METHODS_KEYSTONE
IS_METHODS_KEYSTONE,IS_METHODS_KEYSTONE
IS_METHODS_KEYSTONE,IS_METHODS_KEYSTONE
IS_METHODS_KEYSTONE,IS_METHODS_KEYSTONE
NOT_METHODS_KEYSTONE,NOT_METHODS_KEYSTONE
NOT_METHODS_KEYSTONE,NOT_METHODS_KEYSTONE
UNCERTAIN,NOT_METHODS_KEYSTONE
IS_METHODS_KEYSTONE,NOT_METHODS_KEYSTONE
IS_METHODS_KEYSTONE,IS_METHODS_KEYSTONE
IS_METHODS_KEYSTONE,NOT_METHODS_KEYSTONE
NOT_METHODS_KEYSTONE,NOT_METHODS_KEYSTONE
IS_METHODS_KEYSTONE,IS_METHODS_KEYSTONE
NOT_METHODS_KEYSTONE,NOT_METHODS_KEYSTONE
UNCERTAIN,NOT_METHODS_KEYSTONE
NOT_METHODS_KEYSTONE,NOT_METHODS_KEYSTONE
IS_METHODS_KEYSTONE,IS_METHODS_KEYSTONE
NOT_METHODS_KEYSTONE,NOT_METHODS_KEYSTONE
NOT_METHODS_KEYSTONE,NOT_METHODS_KEYSTONE
IS_METHODS_KEYSTONE,NOT_METHODS_KEYSTONE
IS_METHODS_KEYSTONE,NOT_METHODS_KEYSTONE
NOT_METHODS_KEYSTONE,NOT_METHODS_KEYSTONE
IS_METHODS_KEYSTONE,NOT_METHODS_KEYSTONE
NOT_METHODS_KEYSTONE,NOT_METHODS_KEYSTONE
NOT_METHODS_KEYSTONE,NOT_METHODS_KEYSTONE
NOT_METHODS_KEYSTONE,IS_METHODS_KEYSTONE
IS_METHODS_KEYSTONE,NOT_METHODS_KEYSTONE
IS_METHODS_KEYSTONE,NOT_METHODS_KEYSTONE
IS_METHODS_KEYSTONE,IS_METHODS_KEYSTONE
NOT_METHODS_KEYSTONE,NOT_METHODS_KEYSTONE
NOT_METHODS_KEYSTONE,NOT_METHODS_KEYSTONE
NOT_METHODS_KEYSTONE,NOT_METHODS_KEYSTONE
NOT_METHODS_KEYSTONE,IS_METHODS_KEYSTONE
NOT_METHODS_KEYSTONE,IS_METHODS_KEYSTONE
IS_METHODS_KEYSTONE,IS_METHODS_KEYSTONE
IS_METHODS_KEYSTONE,IS_METHODS_KEYSTONE
NOT_METHODS_KEYSTONE,NOT_METHODS_KEYSTONE
NOT_METHODS_KEYSTONE,NOT_METHODS_KEYSTONE
IS_METHODS_KEYSTONE,NOT_METHODS_KEYSTONE
IS_METHODS_KEYSTONE,IS_METHODS_KEYSTONE
IS_METHODS_KEYSTONE,NOT_METHODS_KEYSTONE
IS_METHODS_KEYSTONE,NOT_METHODS_KEYSTONE
NOT_METHODS_KEYSTONE,NOT_METHODS_KEYSTONE
NOT_METHODS_KEYSTONE,NOT_METHODS_KEYSTONE
NOT_METHODS_KEYSTONE,NOT_METHODS_KEYSTONE
NOT_METHODS_KEYSTONE,NOT_METHODS_KEYSTONE
NOT_METHODS_KEYSTONE,NOT_METHODS_KEYSTONE
IS_METHODS_KEYSTONE,IS_METHODS_KEYSTONE
NOT_METHODS_KEYSTONE,NOT_METHODS_KEYSTONE
NOT_METHODS_KEYSTONE,NOT_METHODS_KEYSTONE
NOT_METHODS_KEYSTONE,NOT_METHODS_KEYSTONE
NOT_METHODS_KEYSTONE,NOT_METHODS_KEYSTONE
NOT_METHODS_KEYSTONE,NOT_METHODS_KEYSTONE
NOT_METHODS_KEYSTONE,NOT_METHODS_KEYSTONE
IS_METHODS_KEYSTONE,NOT_METHODS_KEYSTONE
NOT_METHODS_KEYSTONE,NOT_METHODS_KEYSTONE
NOT_METHODS_KEYSTONE,NOT_METHODS_KEYSTONE
IS_METHODS_KEYSTONE,IS_METHODS_KEYSTONE
NOT_METHODS_KEYSTONE,NOT_METHODS_KEYSTONE
NOT_METHODS_KEYSTONE,NOT_METHODS_KEYSTONE
NOT_METHODS_KEYSTONE,NOT_METHODS_KEYSTONE
NOT_METHODS_KEYSTONE,NOT_METHODS_KEYSTONE
IS_METHODS_KEYSTONE,IS_METHODS_KEYSTONE
NOT_METHODS_KEYSTONE,NOT_METHODS_KEYSTONE
NOT_METHODS_KEYSTONE,NOT_METHODS_KEYSTONE
NOT_METHODS_KEYSTONE,NOT_METHODS_KEYSTONE
IS_METHODS_KEYSTONE,NOT_METHODS_KEYSTONE
NOT_METHODS_KEYSTONE,NOT_METHODS_KEYSTONE
IS_METHODS_KEYSTONE,NOT_METHODS_KEYSTONE
NOT_METHODS_KEYSTONE,NOT_METHODS_KEYSTONE
NOT_METHODS_KEYSTONE,NOT_METHODS_KEYSTONE
NOT_METHODS_KEYSTONE,NOT_METHODS_KEYSTONE
NOT_METHODS_KEYSTONE,NOT_METHODS_KEYSTONE
NOT_METHODS_KEYSTONE,NOT_METHODS_KEYSTONE
NOT_METHODS_KEYSTONE,IS_METHODS_KEYSTONE
NOT_METHODS_KEYSTONE,NOT_METHODS_KEYSTONE
NOT_METHODS_KEYSTONE,NOT_METHODS_KEYSTONE
NOT_METHODS_KEYSTONE,NOT_METHODS_KEYSTONE
IS_METHODS_KEYSTONE,NOT_METHODS_KEYSTONE
IS_METHODS_KEYSTONE,IS_METHODS_KEYSTONE
NOT_METHODS_KEYSTONE,NOT_METHODS_KEYSTONE
IS_METHODS_KEYSTONE,IS_METHODS_KEYSTONE
NOT_METHODS_KEYSTONE,NOT_METHODS_KEYSTONE
NOT_METHODS_KEYSTONE,NOT_METHODS_KEYSTONE
IS_METHODS_KEYSTONE,IS_METHODS_KEYSTONE
NOT_METHODS_KEYSTONE,IS_METHODS_KEYSTONE
IS_METHODS_KEYSTONE,IS_METHODS_KEYSTONE
IS_METHODS_KEYSTONE,IS_METHODS_KEYSTONE
NOT_METHODS_KEYSTONE,NOT_METHODS_KEYSTONE
IS_METHODS_KEYSTONE,NOT_METHODS_KEYSTONE
NOT_METHODS_KEYSTONE,IS_METHODS_KEYSTONE
NOT_METHODS_KEYSTONE,NOT_METHODS_KEYSTONE
NOT_METHODS_KEYSTONE,NOT_METHODS_KEYSTONE
NOT_METHODS_KEYSTONE,NOT_METHODS_KEYSTONE
IS_METHODS_KEYSTONE,NOT_METHODS_KEYSTONE
IS_METHODS_KEYSTONE,IS_METHODS_KEYSTONE
IS_METHODS_KEYSTONE,IS_METHODS_KEYSTONE
IS_METHODS_KEYSTONE,IS_METHODS_KEYSTONE
NOT_METHODS_KEYSTONE,NOT_METHODS_KEYSTONE
NOT_METHODS_KEYSTONE,NOT_METHODS_KEYSTONE
NOT_METHODS_KEYSTONE,IS_METHODS_KEYSTONE
IS_METHODS_KEYSTONE,IS_METHODS_KEYSTONE
IS_METHODS_KEYSTONE,IS_METHODS_KEYSTONE
IS_METHODS_KEYSTONE,IS_METHODS_KEYSTONE
NOT_METHODS_KEYSTONE,NOT_METHODS_KEYSTONE
NOT_METHODS_KEYSTONE,NOT_METHODS_KEYSTONE
NOT_METHODS_KEYSTONE,NOT_METHODS_KEYSTONE
IS_METHODS_KEYSTONE,IS_METHODS_KEYSTONE
NOT_METHODS_KEYSTONE,NOT_METHODS_KEYSTONE
NOT_METHODS_KEYSTONE,NOT_METHODS_KEYSTONE
NOT_METHODS_KEYSTONE,NOT_METHODS_KEYSTONE
NOT_METHODS_KEYSTONE,NOT_METHODS_KEYSTONE
NOT_METHODS_KEYSTONE,NOT_METHODS_KEYSTONE
NOT_METHODS_KEYSTONE,NOT_METHODS_KEYSTONE
IS_METHODS_KEYSTONE,IS_METHODS_KEYSTONE
NOT_METHODS_KEYSTONE,NOT_METHODS_KEYSTONE
NOT_METHODS_KEYSTONE,NOT_METHODS_KEYSTONE
IS_METHODS_KEYSTONE,NOT_METHODS_KEYSTONE
NOT_METHODS_KEYSTONE,NOT_METHODS_KEYSTONE
NOT_METHODS_KEYSTONE,NOT_METHODS_KEYSTONE
NOT_METHODS_KEYSTONE,NOT_METHODS_KEYSTONE
NOT_METHODS_KEYSTONE,NOT_METHODS_KEYSTONE
NOT_METHODS_KEYSTONE,NOT_METHODS_KEYSTONE
NOT_METHODS_KEYSTONE,NOT_METHODS_KEYSTONE
NOT_METHODS_KEYSTONE,NOT_METHODS_KEYSTONE
NOT_METHODS_KEYSTONE,NOT_METHODS_KEYSTONE
NOT_METHODS_KEYSTONE,NOT_METHODS_KEYSTONE
NOT_METHODS_KEYSTONE,NOT_METHODS_KEYSTONE
NOT_METHODS_KEYSTONE,NOT_METHODS_KEYSTONE
NOT_METHODS_KEYSTONE,NOT_METHODS_KEYSTONE
NOT_METHODS_KEYSTONE,NOT_METHODS_KEYSTONE
NOT_METHODS_KEYSTONE,NOT_METHODS_KEYSTONE
NOT_METHODS_KEYSTONE,IS_METHODS_KEYSTONE
NOT_METHODS_KEYSTONE,NOT_METHODS_KEYSTONE
IS_METHODS_KEYSTONE,IS_METHODS_KEYSTONE
IS_METHODS_KEYSTONE,IS_METHODS_KEYSTONE
IS_METHODS_KEYSTONE,IS_METHODS_KEYSTONE
NOT_METHODS_KEYSTONE,NOT_METHODS_KEYSTONE
NOT_METHODS_KEYSTONE,NOT_METHODS_KEYSTONE
NOT_METHODS_KEYSTONE,NOT_METHODS_KEYSTONE
IS_METHODS_KEYSTONE,NOT_METHODS_KEYSTONE
IS_METHODS_KEYSTONE,IS_METHODS_KEYSTONE
NOT_METHODS_KEYSTONE,NOT_METHODS_KEYSTONE
IS_METHODS_KEYSTONE,IS_METHODS_KEYSTONE
IS_METHODS_KEYSTONE,IS_METHODS_KEYSTONE
IS_METHODS_KEYSTONE,IS_METHODS_KEYSTONE
IS_METHODS_KEYSTONE,IS_METHODS_KEYSTONE
NOT_METHODS_KEYSTONE,IS_METHODS_KEYSTONE
NOT_METHODS_KEYSTONE,NOT_METHODS_KEYSTONE
IS_METHODS_KEYSTONE,NOT_METHODS_KEYSTONE
NOT_METHODS_KEYSTONE,NOT_METHODS_KEYSTONE
NOT_METHODS_KEYSTONE,NOT_METHODS_KEYSTONE
IS_METHODS_KEYSTONE,IS_METHODS_KEYSTONE
NOT_METHODS_KEYSTONE,NOT_METHODS_KEYSTONE
IS_METHODS_KEYSTONE,IS_METHODS_KEYSTONE
IS_METHODS_KEYSTONE,IS_METHODS_KEYSTONE
IS_METHODS_KEYSTONE,IS_METHODS_KEYSTONE
IS_METHODS_KEYSTONE,IS_METHODS_KEYSTONE
NOT_METHODS_KEYSTONE,NOT_METHODS_KEYSTONE
NOT_METHODS_KEYSTONE,NOT_METHODS_KEYSTONE
IS_METHODS_KEYSTONE,IS_METHODS_KEYSTONE
IS_METHODS_KEYSTONE,IS_METHODS_KEYSTONE
IS_METHODS_KEYSTONE,IS_METHODS_KEYSTONE
NOT_METHODS_KEYSTONE,NOT_METHODS_KEYSTONE
NOT_METHODS_KEYSTONE,NOT_METHODS_KEYSTONE
IS_METHODS_KEYSTONE,IS_METHODS_KEYSTONE
IS_METHODS_KEYSTONE,IS_METHODS_KEYSTONE
NOT_METHODS_KEYSTONE,NOT_METHODS_KEYSTONE
NOT_METHODS_KEYSTONE,NOT_METHODS_KEYSTONE
NOT_METHODS_KEYSTONE,NOT_METHODS_KEYSTONE
IS_METHODS_KEYSTONE,IS_METHODS_KEYSTONE
IS_METHODS_KEYSTONE,IS_METHODS_KEYSTONE
IS_METHODS_KEYSTONE,IS_METHODS_KEYSTONE
NOT_METHODS_KEYSTONE,NOT_METHODS_KEYSTONE
IS_METHODS_KEYSTONE,NOT_METHODS_KEYSTONE
IS_METHODS_KEYSTONE,NOT_METHODS_KEYSTONE
NOT_METHODS_KEYSTONE,NOT_METHODS_KEYSTONE
NOT_METHODS_KEYSTONE,NOT_METHODS_KEYSTONE
NOT_METHODS_KEYSTONE,NOT_METHODS_KEYSTONE
NOT_METHODS_KEYSTONE,NOT_METHODS_KEYSTONE
NOT_METHODS_KEYSTONE,NOT_METHODS_KEYSTONE
NOT_METHODS_KEYSTONE,NOT_METHODS_KEYSTONE
NOT_METHODS_KEYSTONE,NOT_METHODS_KEYSTONE
NOT_METHODS_KEYSTONE,NOT_METHODS_KEYSTONE
NOT_METHODS_KEYSTONE,NOT_METHODS_KEYSTONE
IS_METHODS_KEYSTONE,IS_METHODS_KEYSTONE
NOT_METHODS_KEYSTONE,NOT_METHODS_KEYSTONE
IS_METHODS_KEYSTONE,IS_METHODS_KEYSTONE
IS_METHODS_KEYSTONE,IS_METHODS_KEYSTONE
NOT_METHODS_KEYSTONE,NOT_METHODS_KEYSTONE
NOT_METHODS_KEYSTONE,NOT_METHODS_KEYSTONE
NOT_METHODS_KEYSTONE,NOT_METHODS_KEYSTONE
IS_METHODS_KEYSTONE,IS_METHODS_KEYSTONE
IS_METHODS_KEYSTONE,IS_METHODS_KEYSTONE
IS_METHODS_KEYSTONE,NOT_METHODS_KEYSTONE
NOT_METHODS_KEYSTONE,IS_METHODS_KEYSTONE
NOT_METHODS_KEYSTONE,IS_METHODS_KEYSTONE
NOT_METHODS_KEYSTONE,IS_METHODS_KEYSTONE
NOT_METHODS_KEYSTONE,NOT_METHODS_KEYSTONE
NOT_METHODS_KEYSTONE,NOT_METHODS_KEYSTONE
NOT_METHODS_KEYSTONE,NOT_METHODS_KEYSTONE
IS_METHODS_KEYSTONE,IS_METHODS_KEYSTONE
IS_METHODS_KEYSTONE,IS_METHODS_KEYSTONE
IS_METHODS_KEYSTONE,IS_METHODS_KEYSTONE
IS_METHODS_KEYSTONE,IS_METHODS_KEYSTONE
IS_METHODS_KEYSTONE,IS_METHODS_KEYSTONE
NOT_METHODS_KEYSTONE,NOT_METHODS_KEYSTONE
NOT_METHODS_KEYSTONE,NOT_METHODS_KEYSTONE
NOT_METHODS_KEYSTONE,NOT_METHODS_KEYSTONE
NOT_METHODS_KEYSTONE,NOT_METHODS_KEYSTONE
NOT_METHODS_KEYSTONE,NOT_METHODS_KEYSTONE
NOT_METHODS_KEYSTONE,NOT_METHODS_KEYSTONE
NOT_METHODS_KEYSTONE,NOT_METHODS_KEYSTONE
IS_METHODS_KEYSTONE,IS_METHODS_KEYSTONE
NOT_METHODS_KEYSTONE,NOT_METHODS_KEYSTONE
IS_METHODS_KEYSTONE,IS_METHODS_KEYSTONE
IS_METHODS_KEYSTONE,IS_METHODS_KEYSTONE
IS_METHODS_KEYSTONE,IS_METHODS_KEYSTONE
IS_METHODS_KEYSTONE,IS_METHODS_KEYSTONE
NOT_METHODS_KEYSTONE,NOT_METHODS_KEYSTONE
NOT_METHODS_KEYSTONE,NOT_METHODS_KEYSTONE
NOT_METHODS_KEYSTONE,NOT_METHODS_KEYSTONE
NOT_METHODS_KEYSTONE,NOT_METHODS_KEYSTONE
NOT_METHODS_KEYSTONE,NOT_METHODS_KEYSTONE
IS_METHODS_KEYSTONE,IS_METHODS_KEYSTONE
IS_METHODS_KEYSTONE,IS_METHODS_KEYSTONE
NOT_METHODS_KEYSTONE,NOT_METHODS_KEYSTONE
IS_METHODS_KEYSTONE,IS_METHODS_KEYSTONE
NOT_METHODS_KEYSTONE,NOT_METHODS_KEYSTONE
NOT_METHODS_KEYSTONE,NOT_METHODS_KEYSTONE
IS_METHODS_KEYSTONE,IS_METHODS_KEYSTONE
IS_METHODS_KEYSTONE,NOT_METHODS_KEYSTONE
NOT_METHODS_KEYSTONE,NOT_METHODS_KEYSTONE
